subj,var_img,n_img,var_read,n_read,var_rest,n_rest
0,39.14372634887695,550,161.5571746826172,550.0,109.8132553100586,140.0
1,18.894489288330078,550,98.41968536376953,550.0,65.46060180664062,140.0
2,11.002608299255371,550,584.1092529296875,550.0,943.6495361328125,140.0
3,21.53126335144043,550,49.04315185546875,550.0,102.97598266601562,140.0
4,30.318344116210938,550,260.8660583496094,550.0,289.1174621582031,140.0
5,30.294145584106445,440,42.646663665771484,440.0,70.00723266601562,112.0
6,28.61733627319336,415,148.3837890625,416.0,886.6453247070312,206.0
7,23.61264419555664,550,153.55523681640625,550.0,159.04931640625,270.0
8,26.676393508911133,547,160.03182983398438,550.0,1678.8216552734375,270.0
9,41.271087646484375,550,4980.1376953125,550.0,3948.96484375,140.0
10,26.62860679626465,550,58.096397399902344,550.0,68.73101806640625,140.0
11,46.60851287841797,547,438.8536682128906,548.0,9445.0234375,140.0
12,40.53726577758789,550,542.4288940429688,550.0,523.5687866210938,140.0
13,28.667503356933594,550,1259.2633056640625,550.0,1584.61474609375,140.0
14,33.55909729003906,550,979.4696655273438,550.0,1039.6165771484375,140.0
15,18.76729965209961,440,199.2602081298828,440.0,586.6434326171875,112.0
16,35.75117874145508,440,51.17585754394531,440.0,55.01588439941406,112.0
17,67.34640502929688,550,75.95166015625,550.0,258.9616394042969,270.0
18,36.62253189086914,462,129.14247131347656,462.0,147.17007446289062,216.0
19,26.94389533996582,550,150.58522033691406,550.0,70.12633514404297,270.0
20,65.26776885986328,660,341.7074890136719,660.0,750.906494140625,324.0
21,23.92017936706543,440,519.73291015625,440.0,1942.345947265625,216.0
22,126.76264953613281,550,144.12258911132812,550.0,253.3316650390625,270.0
23,86.80018615722656,550,89.77444458007812,550.0,110.63240814208984,270.0
24,20.24809455871582,440,114.45203399658203,440.0,91.63691711425781,216.0
25,30.660839080810547,550,53.942138671875,550.0,82.92810821533203,270.0
26,16.502361297607422,550,69.43240356445312,550.0,89.31244659423828,270.0
27,24.203617095947266,440,500.4150390625,440.0,964.8175659179688,216.0
28,34.01189041137695,474,61.05033874511719,474.0,163.53016662597656,224.0
29,28.266929626464844,550,113.68467712402344,550.0,421.8224182128906,270.0
30,25.874183654785156,550,36.51818084716797,550.0,34.81480026245117,270.0
31,27.254650115966797,550,38.82406234741211,550.0,47.15217208862305,270.0
32,44.91803741455078,550,103.49929809570312,550.0,102.786376953125,270.0
33,27.535003662109375,550,90.24819946289062,550.0,65.60175323486328,270.0
34,32.38289260864258,550,108.94969177246094,550.0,115.0541763305664,270.0
35,15.822250366210938,550,103.4786605834961,550.0,152.93649291992188,270.0
36,48.124263763427734,330,185.61532592773438,330.0,130.25033569335938,162.0
37,52.2591438293457,550,91.53023529052734,550.0,166.61900329589844,270.0
38,25.477214813232422,550,44.672088623046875,550.0,352.68505859375,270.0
39,46.72940444946289,550,901.090576171875,550.0,1642.0289306640625,270.0
40,37.1395263671875,550,133.11029052734375,550.0,782.4797973632812,270.0
41,48.20197296142578,440,50.23521041870117,440.0,604.8368530273438,216.0
42,22.714733123779297,440,24.843156814575195,440.0,51.17092514038086,216.0
43,11.683859825134277,550,29.949371337890625,584.0,344.4786682128906,280.0
44,18.95741081237793,550,24.51764678955078,550.0,1311.745361328125,270.0
45,16.571083068847656,550,22.082992553710938,550.0,37.951629638671875,270.0
46,27.93033218383789,468,1081.3809814453125,473.0,47.2709846496582,216.0
47,36.188819885253906,550,98.33181762695312,550.0,125.02155303955078,270.0
48,32.937599182128906,550,441.86920166015625,550.0,2484.845703125,270.0
49,25.672164916992188,550,39.0127067565918,550.0,84.73126983642578,270.0
50,35.18164825439453,550,73.94003295898438,550.0,123.2735366821289,270.0
51,35.9935302734375,550,63.91362762451172,550.0,77.99568939208984,270.0
52,29.474365234375,550,201.0987091064453,550.0,300.8615417480469,270.0
53,23.063337326049805,550,24.133413314819336,550.0,41.364837646484375,270.0
54,22.465972900390625,550,59.2352294921875,550.0,107.50980377197266,270.0
55,85.24310302734375,550,758.0427856445312,550.0,931.2688598632812,270.0
56,14.10239028930664,550,230.61087036132812,550.0,267.64642333984375,270.0
57,56.45936965942383,550,46.40220642089844,550.0,70.01311492919922,270.0
58,19.103412628173828,550,,,,
59,29.7531795501709,550,45.62336730957031,550.0,33.42987823486328,270.0
60,10.507625579833984,550,49.01829147338867,550.0,65.15437316894531,270.0
61,27.724166870117188,550,27.527250289916992,550.0,32.318626403808594,270.0
62,23.790241241455078,550,24.21651840209961,550.0,58.48517990112305,270.0
63,45.413482666015625,550,177.73641967773438,550.0,200.88096618652344,270.0
64,27.77250099182129,550,83.62577819824219,550.0,83.75436401367188,270.0
65,27.670902252197266,550,3211.17333984375,550.0,7926.3271484375,270.0
66,12.56987476348877,550,810.6810913085938,550.0,2162.276123046875,270.0
67,39.94684982299805,550,138.5218505859375,550.0,78.35668182373047,270.0
68,14.316341400146484,550,48.382564544677734,550.0,66.28169250488281,270.0
69,40.15545654296875,550,41.20450210571289,550.0,51.06293487548828,270.0
70,24.036907196044922,550,3430.778076171875,550.0,3146.5732421875,270.0
71,28.914806365966797,550,32.42411804199219,550.0,42.97621154785156,270.0
72,31.730863571166992,550,75.0943832397461,550.0,97.1595230102539,270.0
73,31.63564109802246,110,30.54412269592285,110.0,32.008419036865234,54.0
74,31.319393157958984,550,38.49620056152344,550.0,41.876197814941406,270.0
75,46.33430862426758,550,43.817100524902344,550.0,46.641178131103516,270.0
76,214.000244140625,550,217.58309936523438,550.0,241.26678466796875,270.0
77,140.45379638671875,550,134.40280151367188,550.0,176.41322326660156,270.0
78,340.4930419921875,550,322.24267578125,550.0,408.08843994140625,270.0
79,38.2411003112793,550,36.26148986816406,550.0,35.37972640991211,270.0
80,2761.49072265625,550,2469.359130859375,550.0,5424.82958984375,270.0
81,35.309261322021484,550,31.940208435058594,550.0,39.26809310913086,270.0
82,38.85326385498047,550,39.3507080078125,550.0,54.30205154418945,270.0
83,53.27748489379883,550,45.81991958618164,550.0,64.45862579345703,270.0
84,176.1067657470703,550,173.8721466064453,550.0,1090.2059326171875,270.0
85,635.2357788085938,550,476.6732482910156,550.0,1272.4954833984375,270.0
86,118.06723022460938,550,122.30108642578125,550.0,127.75820922851562,270.0
87,20.456832885742188,550,20.522647857666016,550.0,20.613744735717773,270.0
88,242.8191375732422,524,217.2784881591797,524.0,137.98965454101562,216.0
89,28.554729461669922,550,24.654436111450195,550.0,126.81399536132812,270.0
90,428.31494140625,550,380.041259765625,550.0,454.372314453125,270.0
