ch_i,ch_j,idx_i,idx_j,raw,pruned,diff
F3,Oz,10,55,26,5,-21
F3,PO8,10,54,14,1,-13
PO8,Oz,54,55,13,1,-12
F3,C3,10,26,9,0,-9
F5,Oz,9,55,8,0,-8
F3,FT8,10,23,8,1,-7
F3,TP7,10,32,7,0,-7
FT8,C3,23,26,7,1,-6
F5,F3,9,10,7,0,-7
FT8,Oz,23,55,7,1,-6
F3,AFz,10,56,7,0,-7
Oz,AFz,55,56,7,0,-7
F5,PO8,9,54,7,0,-7
F1,FC1,11,19,6,0,-6
F3,FC1,10,19,6,2,-4
C3,Oz,26,55,6,0,-6
F3,F6,10,14,6,2,-4
P3,PO8,42,54,6,1,-5
FC3,FC1,18,19,6,1,-5
TP7,Oz,32,55,6,0,-6
FC1,C2,19,28,6,0,-6
F3,P6,10,46,5,0,-5
Fp1,F3,3,10,5,0,-5
F1,C2,11,28,5,0,-5
FT8,TP7,23,32,5,0,-5
FC3,FT8,18,23,5,0,-5
FC1,FT8,19,23,5,0,-5
C3,TP7,26,32,5,0,-5
F8,Oz,15,55,4,0,-4
C2,P3,28,42,4,2,-2
F3,O1,10,51,4,0,-4
F1,FC3,11,18,4,0,-4
F7,CP6,8,38,4,1,-3
F1,FC4,11,21,4,0,-4
FP2,Oz,4,55,4,2,-2
F1,FT8,11,23,4,0,-4
F3,P3,10,42,4,0,-4
F2,P2,12,44,4,0,-4
FT8,C2,23,28,4,0,-4
F3,FC3,10,18,4,2,-2
FC3,C2,18,28,4,0,-4
FC3,Oz,18,55,4,2,-2
FP2,F3,4,10,4,1,-3
TP7,PO8,32,54,4,0,-4
F3,C2,10,28,4,0,-4
F6,Oz,14,55,4,2,-2
FC3,FC4,18,21,4,0,-4
P6,Oz,46,55,4,0,-4
FC1,Oz,19,55,4,1,-3
FC1,PO8,19,54,4,0,-4
F1,P2,11,44,4,0,-4
F6,PO8,14,54,4,0,-4
F7,F3,8,10,4,0,-4
AF4,PO8,5,54,4,0,-4
FC1,FC4,19,21,3,0,-3
FT7,Oz,16,55,3,1,-2
O1,AFz,51,56,3,0,-3
AF7,AF3,1,2,3,0,-3
F2,F8,12,15,3,0,-3
F2,FC2,12,20,3,1,-2
F3,P4,10,45,3,0,-3
FC4,C2,21,28,3,0,-3
F6,FC1,14,19,3,2,-1
AF7,FC2,1,20,3,0,-3
TP8,FCz,39,58,3,0,-3
FC1,FC2,19,20,3,0,-3
AF7,PO8,1,54,3,0,-3
F6,P3,14,42,3,1,-2
T5,FPz,40,48,3,0,-3
FC3,PO8,18,54,3,2,-1
F3,CP6,10,38,3,0,-3
F3,TP8,10,39,3,0,-3
TP7,AFz,32,56,3,0,-3
FT8,CP1,23,35,3,0,-3
FC2,T5,20,40,3,0,-3
TP7,CP4,32,37,3,0,-3
TP7,CP2,32,36,3,1,-2
Fp1,F6,3,14,3,1,-2
FC2,P2,20,44,3,0,-3
FC2,FPz,20,48,3,2,-1
FC2,PO8,20,54,3,0,-3
CP2,Oz,36,55,3,0,-3
F3,FCz,10,58,3,0,-3
Fp1,P6,3,46,3,1,-2
AF3,T3,2,24,3,1,-2
F3,PO4,10,53,3,0,-3
F3,C6,10,30,3,1,-2
F3,C1,10,27,3,0,-3
F3,F8,10,15,3,0,-3
F3,FC4,10,21,3,1,-2
C2,Oz,28,55,3,0,-3
C2,PO8,28,54,3,0,-3
C3,Fz,26,57,3,0,-3
C3,AFz,26,56,3,0,-3
AF4,F1,5,11,3,0,-3
F3,FT7,10,16,3,0,-3
FC4,Oz,21,55,3,2,-1
F3,CP2,10,36,3,0,-3
C4,O2,29,52,3,0,-3
FP2,FC3,4,18,3,0,-3
C1,Oz,27,55,3,0,-3
F3,CP5,10,33,3,0,-3
FT8,AFz,23,56,3,0,-3
FT8,Fz,23,57,3,0,-3
F5,TP8,9,39,3,0,-3
C1,AFz,27,56,3,0,-3
AF4,F3,5,10,3,0,-3
C2,P6,28,46,3,1,-2
C2,O2,28,52,3,1,-2
FT8,P4,23,45,3,0,-3
C3,FCz,26,58,3,0,-3
AF4,Oz,5,55,3,0,-3
F7,PO4,8,53,3,1,-2
F7,Oz,8,55,3,0,-3
T3,P2,24,44,3,0,-3
C3,P4,26,45,3,0,-3
FT8,P2,23,44,3,1,-2
FT8,PO8,23,54,3,0,-3
C3,CP5,26,33,3,0,-3
C3,CP1,26,35,3,0,-3
AF8,FT8,6,23,3,0,-3
AF8,T3,6,24,3,0,-3
AF7,FT7,1,16,3,0,-3
F8,T6,15,47,3,0,-3
F8,T5,15,40,3,0,-3
F7,C1,8,27,3,0,-3
F8,FC2,15,20,3,0,-3
TP8,Oz,39,55,3,0,-3
P2,FPz,44,48,3,0,-3
TP8,PO8,39,54,3,0,-3
PO3,PO4,50,53,3,1,-2
PO3,O1,50,51,3,2,-1
AF7,P2,1,44,3,0,-3
P3,O2,42,52,3,1,-2
P3,P6,42,46,2,2,0
P3,Oz,42,55,2,0,-2
AF7,CP4,1,37,2,0,-2
AF7,T5,1,40,2,0,-2
P2,PO3,44,50,2,0,-2
P2,PO4,44,53,2,0,-2
CP6,Oz,38,55,2,0,-2
TP8,P4,39,45,2,0,-2
FT7,T5,16,40,2,0,-2
F8,FC5,15,17,2,0,-2
F8,FC1,15,19,2,0,-2
F8,P2,15,44,2,0,-2
F8,FPz,15,48,2,0,-2
AF7,AF8,1,6,2,1,-1
AF7,F3,1,10,2,0,-2
AF7,F2,1,12,2,0,-2
PO4,Oz,53,55,2,0,-2
PO8,AFz,54,56,2,0,-2
PO8,FCz,54,58,2,0,-2
F7,FT8,8,23,2,0,-2
F7,T3,8,24,2,2,0
F7,C6,8,30,2,0,-2
AF8,T5,6,40,2,0,-2
C1,PO4,27,53,2,0,-2
C5,CP5,25,33,2,3,1
C5,Oz,25,55,2,0,-2
C3,TP8,26,39,2,0,-2
C3,PO8,26,54,2,0,-2
T3,CP3,24,34,2,0,-2
T3,CP6,24,38,2,1,-1
T3,Oz,24,55,2,0,-2
F7,O1,8,51,2,1,-1
F7,AFz,8,56,2,0,-2
F5,F1,9,11,2,0,-2
F5,F8,9,15,2,0,-2
A2,C4,7,29,2,1,-1
A2,O2,7,52,2,1,-1
T3,CPz,24,60,2,0,-2
C5,C3,25,26,2,0,-2
C3,Cz,26,59,2,0,-2
C1,C4,27,29,2,2,0
C1,TP7,27,32,2,0,-2
C1,CP2,27,36,2,0,-2
C1,CP4,27,37,2,0,-2
C1,PO7,27,49,2,0,-2
C1,PO3,27,50,2,0,-2
AF8,P2,6,44,2,0,-2
AF8,CPz,6,60,2,0,-2
AF4,P2,5,44,2,0,-2
AF4,FPz,5,48,2,0,-2
AF8,F7,6,8,2,0,-2
F7,FC1,8,19,2,0,-2
FT8,CP6,23,38,2,0,-2
FT8,TP8,23,39,2,0,-2
FT8,FPz,23,48,2,0,-2
F5,C3,9,26,2,0,-2
F5,TP7,9,32,2,0,-2
F5,P5,9,41,2,0,-2
F7,CP2,8,36,2,0,-2
F7,PO3,8,50,2,0,-2
C2,C4,28,29,2,0,-2
AF8,F8,6,15,2,0,-2
AF8,FT7,6,16,2,0,-2
FP2,AFz,4,56,2,0,-2
AF4,F6,5,14,2,0,-2
F3,FC2,10,20,2,0,-2
F5,FC3,9,18,2,0,-2
F5,FC1,9,19,2,0,-2
F5,FC2,9,20,2,0,-2
F5,FC4,9,21,2,0,-2
FT8,FCz,23,58,2,0,-2
FT8,C5,23,25,2,0,-2
C4,P3,29,42,2,0,-2
AF4,FC1,5,19,2,0,-2
AF4,FC2,5,20,2,0,-2
AF4,C2,5,28,2,0,-2
AF4,P3,5,42,2,0,-2
FP2,AF8,4,6,2,0,-2
FP2,F7,4,8,2,0,-2
FP2,F5,4,9,2,0,-2
FP2,FT7,4,16,2,0,-2
C6,CP6,30,38,2,0,-2
C6,O1,30,51,2,0,-2
C6,Oz,30,55,2,0,-2
F3,CP3,10,34,2,0,-2
F3,CP1,10,35,2,0,-2
F3,T5,10,40,2,0,-2
F5,FCz,9,58,2,0,-2
F3,F1,10,11,2,1,-1
FT8,CP5,23,33,2,0,-2
FP2,FC4,4,21,2,2,0
FP2,T3,4,24,2,0,-2
FP2,PO8,4,54,2,0,-2
Fp1,FC1,3,19,2,0,-2
Fp1,C2,3,28,2,1,-1
Fp1,CP3,3,34,2,0,-2
Fp1,P3,3,42,2,2,0
CP5,Oz,33,55,2,0,-2
T4,CP3,31,34,2,0,-2
T4,P2,31,44,2,0,-2
TP7,TP8,32,39,2,0,-2
FC2,P3,20,42,2,0,-2
FC2,T6,20,47,2,1,-1
FC2,Oz,20,55,2,0,-2
FC2,CPz,20,60,2,0,-2
FC4,FT8,21,23,2,0,-2
F3,PO3,10,50,2,0,-2
CP1,FCz,35,58,2,1,-1
Fp1,Oz,3,55,2,0,-2
AF3,FT8,2,23,2,0,-2
AF3,CP6,2,38,2,1,-1
CP2,P6,36,46,2,0,-2
CP2,PO4,36,53,2,0,-2
CP2,PO8,36,54,2,0,-2
CP3,P3,34,42,2,0,-2
CP1,P4,35,45,2,0,-2
TP7,P2,32,44,2,0,-2
TP7,P4,32,45,2,0,-2
F3,T3,10,24,2,0,-2
F3,C5,10,25,2,0,-2
F1,FC2,11,20,2,0,-2
F1,T3,11,24,2,0,-2
F1,CP3,11,34,2,0,-2
F1,FPz,11,48,2,0,-2
F1,PO8,11,54,2,0,-2
F1,Oz,11,55,2,1,-1
F2,FC5,12,17,2,1,-1
F2,FC1,12,19,2,0,-2
F3,Cz,10,59,2,0,-2
F1,F2,11,12,2,0,-2
F1,F8,11,15,2,0,-2
FC4,T3,21,24,2,0,-2
FC2,T3,20,24,2,0,-2
CP6,PO8,38,54,2,0,-2
P4,O1,45,51,2,1,-1
P4,AFz,45,56,2,0,-2
P4,FCz,45,58,2,0,-2
AF3,P2,2,44,2,0,-2
AF3,PO8,2,54,2,0,-2
AF3,Oz,2,55,2,0,-2
AF7,PO3,1,50,2,0,-2
AF7,PO4,1,53,2,0,-2
AF7,Oz,1,55,2,0,-2
P6,PO8,46,54,2,1,-1
T6,Oz,47,55,2,0,-2
CP1,Fz,35,57,2,1,-1
F2,T6,12,47,2,0,-2
F2,Cz,12,59,2,1,-1
FC1,C3,19,26,2,0,-2
FC1,TP7,19,32,2,0,-2
FC1,P2,19,44,2,0,-2
FC1,P6,19,46,2,0,-2
T5,P3,40,42,2,0,-2
AF3,AF8,2,6,2,1,-1
AF3,F7,2,8,2,1,-1
AF3,F3,2,10,2,0,-2
AF7,T3,1,24,2,0,-2
AF7,C1,1,27,2,0,-2
AF7,C4,1,29,2,0,-2
AF7,TP7,1,32,2,1,-1
T5,Oz,40,55,2,0,-2
CP4,P4,37,45,2,0,-2
CP4,PO8,37,54,2,0,-2
CP4,AFz,37,56,2,0,-2
CP6,PO4,38,53,2,0,-2
F6,FC3,14,18,2,1,-1
F6,C2,14,28,2,0,-2
F6,P6,14,46,2,0,-2
FT7,AFz,16,56,2,0,-2
FC5,P2,17,44,2,0,-2
F8,CPz,15,60,2,0,-2
FT7,FC3,16,18,2,0,-2
FT7,FT8,16,23,2,0,-2
PO3,Oz,50,55,2,0,-2
PO3,AFz,50,56,2,0,-2
O1,PO4,51,53,2,2,0
O1,Oz,51,55,2,0,-2
Oz,FCz,55,58,2,0,-2
A1,T3,0,24,2,0,-2
A1,AF8,0,6,2,0,-2
A1,AF7,0,1,2,0,-2
A1,TP7,0,32,1,0,-1
A1,AF3,0,2,1,1,0
A1,FP2,0,4,1,0,-1
A1,F7,0,8,1,0,-1
A1,F3,0,10,1,0,-1
A1,FT7,0,16,1,0,-1
A1,FT8,0,23,1,0,-1
O2,Fz,52,57,1,0,-1
O2,PO8,52,54,1,0,-1
PO4,AFz,53,56,1,0,-1
PO4,PO8,53,54,1,0,-1
O2,FCz,52,58,1,0,-1
AF7,FC5,1,17,1,0,-1
P3,Fz,42,57,1,0,-1
AF7,TP8,1,39,1,0,-1
AF7,P3,1,42,1,0,-1
AF7,P4,1,45,1,0,-1
AF7,P6,1,46,1,0,-1
AF7,FPz,1,48,1,0,-1
T6,Cz,47,59,1,0,-1
T6,CPz,47,60,1,0,-1
FPz,PO8,48,54,1,0,-1
FPz,Oz,48,55,1,0,-1
PO7,PO3,49,50,1,0,-1
PO7,PO4,49,53,1,0,-1
P3,FCz,42,58,1,0,-1
P1,P4,43,45,1,0,-1
P1,O1,43,51,1,0,-1
P2,O1,44,51,1,0,-1
FC5,FT8,17,23,1,0,-1
FC5,T4,17,31,1,0,-1
FC5,T6,17,47,1,0,-1
FC5,FPz,17,48,1,0,-1
FC5,PO3,17,50,1,0,-1
FC5,O1,17,51,1,0,-1
FC5,PO4,17,53,1,0,-1
FC5,Oz,17,55,1,0,-1
F8,Fz,15,57,1,0,-1
F8,Cz,15,59,1,0,-1
FT7,FC4,16,21,1,0,-1
FT7,T3,16,24,1,0,-1
FT7,C1,16,27,1,1,0
FT7,C4,16,29,1,1,0
FT7,TP7,16,32,1,0,-1
FT7,CP4,16,37,1,0,-1
FC3,P4,18,45,1,0,-1
FC3,P6,18,46,1,0,-1
FC3,O1,18,51,1,0,-1
FC3,AFz,18,56,1,0,-1
F6,FT8,14,23,1,0,-1
F6,C3,14,26,1,0,-1
F6,CP3,14,34,1,0,-1
F6,CP2,14,36,1,0,-1
F6,P1,14,43,1,2,1
F6,P4,14,45,1,0,-1
F6,O1,14,51,1,0,-1
F2,C3,12,26,1,0,-1
F2,TP7,12,32,1,0,-1
FT7,O1,16,51,1,0,-1
FT7,O2,16,52,1,0,-1
FT7,CPz,16,60,1,0,-1
F1,P5,11,41,1,0,-1
FC2,TP7,20,32,1,0,-1
FC2,CP3,20,34,1,0,-1
FC1,T3,19,24,1,0,-1
FC1,C1,19,27,1,0,-1
FC1,C6,19,30,1,0,-1
FC1,CP1,19,35,1,0,-1
FC1,CP2,19,36,1,0,-1
FC1,CP6,19,38,1,0,-1
FC1,P5,19,41,1,0,-1
FC1,P3,19,42,1,0,-1
FC1,T6,19,47,1,0,-1
FC5,Cz,17,59,1,0,-1
FC3,T3,18,24,1,0,-1
FC3,CP4,18,37,1,0,-1
FC3,P5,18,41,1,0,-1
FC1,Fz,19,57,1,0,-1
FC1,CPz,19,60,1,0,-1
FC2,FC6,20,22,1,0,-1
FC2,C1,20,27,1,0,-1
FC2,T4,20,31,1,0,-1
F2,T5,12,40,1,0,-1
F2,FPz,12,48,1,2,1
F2,PO3,12,50,1,0,-1
F2,O1,12,51,1,0,-1
F2,PO4,12,53,1,0,-1
F2,Oz,12,55,1,0,-1
F2,CPz,12,60,1,0,-1
F4,FC4,13,21,1,0,-1
F4,T3,13,24,1,0,-1
F1,CP4,11,37,1,0,-1
F1,T5,11,40,1,0,-1
F1,TP7,11,32,1,0,-1
F3,P1,10,43,1,0,-1
F3,P2,10,44,1,0,-1
F3,T6,10,47,1,0,-1
F1,P6,11,46,1,0,-1
F1,Cz,11,59,1,0,-1
F2,FT8,12,23,1,0,-1
F2,T3,12,24,1,0,-1
F3,CPz,10,60,1,0,-1
F1,F4,11,13,1,0,-1
FC4,CP3,21,34,1,0,-1
FC1,FPz,19,48,1,0,-1
FC1,PO7,19,49,1,0,-1
FC1,O1,19,51,1,0,-1
FC1,PO4,19,53,1,0,-1
FC1,AFz,19,56,1,0,-1
FC6,PO8,22,54,1,1,0
FC6,Oz,22,55,1,0,-1
FT8,C6,23,30,1,0,-1
FT8,T4,23,31,1,0,-1
F3,CP4,10,37,1,0,-1
F3,P5,10,41,1,0,-1
F5,AFz,9,56,1,0,-1
F5,Cz,9,59,1,0,-1
FC2,CP2,20,36,1,0,-1
FC2,TP8,20,39,1,0,-1
FC2,PO7,20,49,1,0,-1
FC2,PO4,20,53,1,0,-1
F3,FPz,10,48,1,0,-1
F3,O2,10,52,1,0,-1
F3,Fz,10,57,1,0,-1
F1,T4,11,31,1,0,-1
F5,T6,9,47,1,0,-1
F5,FPz,9,48,1,0,-1
F7,TP7,8,32,1,0,-1
F7,P2,8,44,1,0,-1
F7,PO7,8,49,1,0,-1
F3,F2,10,12,1,0,-1
F3,FC6,10,22,1,0,-1
F5,FC5,9,17,1,0,-1
F5,FC6,9,22,1,0,-1
FT8,Cz,23,59,1,0,-1
T3,C3,24,26,1,1,0
FC4,P5,21,41,1,0,-1
FC4,PO8,21,54,1,0,-1
FC4,AFz,21,56,1,0,-1
FC4,Cz,21,59,1,0,-1
FC6,TP8,22,39,1,0,-1
T3,Cz,24,59,1,0,-1
F7,PO8,8,54,1,0,-1
F5,F2,9,12,1,0,-1
A2,P3,7,42,1,0,-1
A2,PO8,7,54,1,0,-1
A2,FCz,7,58,1,0,-1
F7,F6,8,14,1,0,-1
C5,TP7,25,32,1,0,-1
FT8,CP4,23,37,1,0,-1
FT8,T5,23,40,1,0,-1
FT8,P6,23,46,1,0,-1
FT8,O1,23,51,1,0,-1
F5,FT8,9,23,1,0,-1
F5,C2,9,28,1,0,-1
F5,T5,9,40,1,0,-1
F5,P3,9,42,1,0,-1
C1,PO8,27,54,1,0,-1
C5,Fz,25,57,1,1,0
C3,C6,26,30,1,0,-1
C3,CP6,26,38,1,0,-1
C3,P5,26,41,1,0,-1
C3,P3,26,42,1,0,-1
C3,P2,26,44,1,1,0
C3,PO3,26,50,1,0,-1
C3,O1,26,51,1,0,-1
T3,T4,24,31,1,0,-1
T3,TP7,24,32,1,0,-1
T3,CP4,24,37,1,0,-1
T3,T6,24,47,1,0,-1
T3,PO3,24,50,1,0,-1
T3,PO4,24,53,1,0,-1
T3,PO8,24,54,1,0,-1
A2,FT7,7,16,1,1,0
A2,C1,7,27,1,1,0
A2,C2,7,28,1,0,-1
AF4,PO4,5,53,1,0,-1
AF8,F3,6,10,1,0,-1
AF8,F1,6,11,1,0,-1
F7,FC3,8,18,1,0,-1
F7,FC2,8,20,1,0,-1
F7,C3,8,26,1,1,0
AF8,C3,6,26,1,0,-1
AF8,T4,6,31,1,0,-1
AF8,TP7,6,32,1,0,-1
AF8,CP3,6,34,1,0,-1
AF8,CP6,6,38,1,0,-1
C1,O1,27,51,1,0,-1
C1,O2,27,52,1,0,-1
C2,FPz,28,48,1,1,0
AF8,F4,6,13,1,0,-1
AF8,F6,6,14,1,0,-1
AF8,FC5,6,17,1,0,-1
AF8,FC3,6,18,1,0,-1
AF8,FC2,6,20,1,0,-1
AF8,FC4,6,21,1,0,-1
AF4,F5,5,9,1,0,-1
AF4,F2,5,12,1,0,-1
AF4,F8,5,15,1,0,-1
AF4,FC3,5,18,1,0,-1
C2,Fz,28,57,1,0,-1
C2,FCz,28,58,1,0,-1
AF8,FPz,6,48,1,0,-1
AF8,Oz,6,55,1,0,-1
AF8,Cz,6,59,1,0,-1
C4,PO8,29,54,1,0,-1
C4,Fz,29,57,1,0,-1
C4,FCz,29,58,1,0,-1
AF4,FT8,5,23,1,0,-1
AF4,T4,5,31,1,0,-1
AF4,CP3,5,34,1,0,-1
AF4,T5,5,40,1,0,-1
FP2,F6,4,14,1,0,-1
FP2,FC1,4,19,1,0,-1
C6,PO3,30,50,1,0,-1
C6,PO4,30,53,1,0,-1
C6,PO8,30,54,1,0,-1
C2,CP3,28,34,1,0,-1
C2,T5,28,40,1,0,-1
C2,P5,28,41,1,0,-1
C2,P2,28,44,1,0,-1
C6,AFz,30,56,1,0,-1
T4,TP7,31,32,1,0,-1
T4,CP4,31,37,1,0,-1
T4,P3,31,42,1,0,-1
T4,FPz,31,48,1,0,-1
T4,PO4,31,53,1,0,-1
T4,PO8,31,54,1,0,-1
TP7,CP5,32,33,1,0,-1
TP7,CP3,32,34,1,0,-1
TP7,CP1,32,35,1,0,-1
TP7,T5,32,40,1,0,-1
C4,CP4,29,37,1,0,-1
C4,T5,29,40,1,0,-1
C4,PO7,29,49,1,0,-1
C4,PO3,29,50,1,0,-1
C4,PO4,29,53,1,0,-1
TP7,P6,32,46,1,0,-1
TP7,PO7,32,49,1,0,-1
TP7,PO4,32,53,1,0,-1
TP7,Fz,32,57,1,0,-1
FP2,FT8,4,23,1,0,-1
FP2,C3,4,26,1,0,-1
FP2,CP6,4,38,1,0,-1
FP2,P6,4,46,1,0,-1
Fp1,C3,3,26,1,0,-1
Fp1,TP7,3,32,1,0,-1
Fp1,CP2,3,36,1,0,-1
TP7,FCz,32,58,1,0,-1
TP7,Cz,32,59,1,0,-1
CP5,CP1,33,35,1,0,-1
CP5,P4,33,45,1,0,-1
CP5,Fz,33,57,1,1,0
CP2,PO7,36,49,1,0,-1
CP5,FCz,33,58,1,0,-1
CP5,Cz,33,59,1,0,-1
CP3,CP4,34,37,1,0,-1
CP3,P1,34,43,1,0,-1
CP3,P2,34,44,1,0,-1
CP3,P4,34,45,1,0,-1
CP3,P6,34,46,1,0,-1
CP3,O1,34,51,1,0,-1
CP3,O2,34,52,1,0,-1
CP3,PO4,34,53,1,0,-1
CP3,PO8,34,54,1,0,-1
CP3,Cz,34,59,1,0,-1
CP1,CP6,35,38,1,1,0
CP1,TP8,35,39,1,0,-1
TP7,P5,32,41,1,0,-1
CP1,Cz,35,59,1,0,-1
CP2,CP4,36,37,1,0,-1
CP2,TP8,36,39,1,0,-1
CP2,P3,36,42,1,0,-1
Fp1,P1,3,43,1,0,-1
Fp1,P4,3,45,1,0,-1
Fp1,O1,3,51,1,0,-1
Fp1,O2,3,52,1,1,0
Fp1,PO4,3,53,1,0,-1
Fp1,PO8,3,54,1,0,-1
AF3,FC3,2,18,1,0,-1
AF3,FC2,2,20,1,0,-1
AF3,C1,2,27,1,0,-1
AF3,C4,2,29,1,0,-1
AF3,CP1,2,35,1,1,0
CP2,P4,36,45,1,0,-1
P4,Cz,45,59,1,0,-1
AF3,PO3,2,50,1,0,-1
AF3,O2,2,52,1,0,-1
AF3,PO4,2,53,1,0,-1
AF3,CPz,2,60,1,0,-1
AF7,PO7,1,49,1,0,-1
AF7,O1,1,51,1,0,-1
AF7,O2,1,52,1,0,-1
AF7,AFz,1,56,1,0,-1
P6,O2,46,52,1,1,0
P6,PO4,46,53,1,0,-1
P6,AFz,46,56,1,0,-1
T6,FPz,47,48,1,0,-1
CP1,PO8,35,54,1,0,-1
CP1,Oz,35,55,1,0,-1
CP1,AFz,35,56,1,0,-1
P5,PO8,41,54,1,0,-1
CP2,AFz,36,56,1,0,-1
CP4,TP8,37,39,1,0,-1
CP4,P2,37,44,1,0,-1
CP4,PO7,37,49,1,0,-1
CP4,PO3,37,50,1,0,-1
CP4,O1,37,51,1,0,-1
CP4,PO4,37,53,1,0,-1
CP4,Oz,37,55,1,1,0
CP6,P2,38,44,1,0,-1
CP6,PO3,38,50,1,0,-1
CP6,O1,38,51,1,0,-1
P2,CPz,44,60,1,0,-1
P4,PO8,45,54,1,0,-1
P4,Oz,45,55,1,0,-1
P4,Fz,45,57,1,0,-1
P2,Cz,44,59,1,0,-1
TP8,Fz,39,57,1,0,-1
T5,P2,40,44,1,0,-1
AF7,CPz,1,60,1,0,-1
AF3,FP2,2,4,1,0,-1
AF3,A2,2,7,1,0,-1
AF3,F6,2,14,1,1,0
AF3,FT7,2,16,1,0,-1
AF7,FC1,1,19,1,0,-1
AF7,FT8,1,23,1,0,-1
AF7,CP2,1,36,1,1,0
T5,T6,40,47,1,0,-1
T5,O2,40,52,1,0,-1
T5,PO8,40,54,1,0,-1
T5,Fz,40,57,1,0,-1
T5,CPz,40,60,1,0,-1
AF7,F8,1,15,1,0,-1
A1,CP6,0,38,1,0,-1
A1,T5,0,40,1,0,-1
A1,PO8,0,54,1,0,-1
A1,Oz,0,55,1,0,-1
FCz,Cz,58,59,1,0,-1
AF7,FP2,1,4,1,0,-1
Oz,Fz,55,57,1,0,-1
Oz,Cz,55,59,1,0,-1
Oz,CPz,55,60,1,0,-1
AFz,Fz,56,57,1,0,-1
Fz,FCz,57,58,1,1,0
A1,C3,0,26,1,0,-1
P5,Oz,41,55,1,0,-1
P3,FPz,42,48,1,0,-1
P3,PO4,42,53,1,0,-1
FT7,P4,16,45,1,0,-1
FT7,P6,16,46,1,0,-1
F8,FT7,15,16,1,0,-1
F8,FT8,15,23,1,0,-1
F8,T3,15,24,1,0,-1
F8,C2,15,28,1,1,0
F8,C4,15,29,1,0,-1
F8,T4,15,31,1,0,-1
F8,P3,15,42,1,0,-1
F8,O2,15,52,1,0,-1
F8,PO8,15,54,1,0,-1
F4,CP3,13,34,1,0,-1
F4,Cz,13,59,1,1,0
AF7,A2,1,7,1,0,-1
AF7,F5,1,9,1,0,-1
AF7,F1,1,11,1,0,-1
O2,Cz,52,59,0,1,1
P4,PO3,45,50,0,1,1
CP1,CPz,35,60,0,1,1
C4,CP3,29,34,0,2,2
C1,CP3,27,34,0,1,1
T3,CP1,24,35,0,1,1
FC2,C2,20,28,0,1,1
FC1,P1,19,43,0,1,1
FC5,C5,17,25,0,1,1
FC5,CP5,17,33,0,1,1
FT7,CP3,16,34,0,1,1
F2,C2,12,28,0,1,1
F2,CP5,12,33,0,1,1
F2,C5,12,25,0,1,1
F1,F6,11,14,0,1,1
F7,CP1,8,35,0,1,1
A2,CP3,7,34,0,1,1
FPz,Cz,48,59,0,1,1
